{"accuracy": 0.8130755064456722, "specificity": 0.0, "sensitivity": 1.0, "precision": 0.8130755064456722}