{"accuracy": 0.9843462246777164, "specificity": 0.9753694581280788, "sensitivity": 0.986409966024915, "precision": 0.9942922374429224}