{"accuracy": 97.23756906077348, "specificity": 89.16256157635468, "sensitivity": 99.09399773499433, "precision": 97.54738015607582}