{"accuracy": 0.9723756906077348, "specificity": 0.8916256157635468, "sensitivity": 0.9909399773499433, "precision": 0.9754738015607581}